MJD,Seconds of Day,Azimuth,Elevation
60380.38228009269,33029.849833,10.0,0.0
60380.38228009269,33029.949833,10.186999109528049,0.07123775601068566
60380.3822916667,33030.049833,10.3739982190561,0.14247551202137132
60380.3822916667,33030.149833,10.56099732858415,0.21371326803205698
60380.3822916667,33030.249833,10.7479964381122,0.28495102404274264
60380.3822916667,33030.349833,10.934995547640249,0.3561887800534283
60380.3822916667,33030.449833,11.1219946571683,0.42742653606411396
60380.3822916667,33030.549833,11.30899376669635,0.4986642920747996
60380.3822916667,33030.649833,11.495992876224399,0.5699020480854853
60380.3822916667,33030.749833,11.682991985752448,0.6411398040961709
60380.3822916667,33030.849833,11.869991095280499,0.7123775601068566
60380.3822916667,33030.949833,12.05699020480855,0.7836153161175423
60380.38230324071,33031.049833,12.243989314336599,0.8548530721282279
60380.38230324071,33031.149833,12.430988423864648,0.9260908281389135
60380.38230324071,33031.249833,12.617987533392698,0.9973285841495992
60380.38230324071,33031.349833,12.804986642920749,1.068566340160285
60380.38230324071,33031.449833,12.991985752448798,1.1398040961709706
60380.38230324071,33031.549833,13.178984861976847,1.2110418521816562
60380.38230324071,33031.649833,13.365983971504898,1.2822796081923418
60380.38230324071,33031.749833,13.552983081032949,1.3535173642030276
60380.38230324071,33031.849833,13.739982190560998,1.4247551202137132
60380.38230324071,33031.949833,13.926981300089047,1.4959928762243988
60380.38231481472,33032.049833,14.113980409617097,1.5672306322350846
60380.38231481472,33032.149833,14.300979519145148,1.6384683882457702
60380.38231481472,33032.249833,14.487978628673197,1.7097061442564558
60380.38231481472,33032.349833,14.674977738201246,1.7809439002671414
60380.38231481472,33032.449833,14.861976847729297,1.852181656277827
60380.38231481472,33032.549833,15.048975957257348,1.9234194122885129
60380.38231481472,33032.649833,15.235975066785397,1.9946571682991985
60380.38231481472,33032.749833,15.422974176313446,2.0658949243098843
60380.38231481472,33032.849833,15.609973285841496,2.13713268032057
60380.38231481472,33032.949833,15.796972395369547,2.2083704363312555
60380.38232638873,33033.049833,15.983971504897596,2.279608192341941
60380.38232638873,33033.149833,16.170970614425645,2.3508459483526267
60380.38232638873,33033.249833,16.357969723953694,2.4220837043633123
60380.38232638873,33033.349833,16.544968833481747,2.493321460373998
60380.38232638873,33033.449833,16.731967943009796,2.5645592163846835
60380.38232638873,33033.549833,16.918967052537845,2.6357969723953696
60380.38232638873,33033.649833,17.105966162065897,2.707034728406055
60380.38232638873,33033.749833,17.292965271593946,2.778272484416741
60380.38232638873,33033.849833,17.479964381121995,2.8495102404274264
60380.38232638873,33033.949833,17.666963490650044,2.920747996438112
60380.38233796321,33034.049833,17.853962600178093,2.9919857524487976
60380.38233796321,33034.149833,18.040961709706146,3.063223508459483
60380.38233796321,33034.249833,18.227960819234195,3.1344612644701693
60380.38233796321,33034.349833,18.414959928762244,3.205699020480855
60380.38233796321,33034.449833,18.601959038290296,3.2769367764915405
60380.38233796321,33034.549833,18.788958147818345,3.348174532502226
60380.38233796321,33034.649833,18.975957257346394,3.4194122885129117
60380.38233796321,33034.749833,19.162956366874443,3.4906500445235973
60380.38233796321,33034.849833,19.349955476402492,3.561887800534283
60380.38233796321,33034.949833,19.536954585930545,3.6331255565449685
60380.38234953722,33035.049833,19.723953695458594,3.704363312555654
60380.38234953722,33035.149833,19.910952804986643,3.77560106856634
60380.38234953722,33035.249833,20.097951914514695,3.8468388245770258
60380.38234953722,33035.349833,20.284951024042744,3.9180765805877114
60380.38234953722,33035.449833,20.471950133570793,3.989314336598397
60380.38234953722,33035.549833,20.658949243098842,4.060552092609083
60380.38234953722,33035.649833,20.84594835262689,4.131789848619769
60380.38234953722,33035.749833,21.032947462154944,4.203027604630454
60380.38234953722,33035.849833,21.219946571682993,4.27426536064114
60380.38234953722,33035.949833,21.40694568121104,4.345503116651825
60380.38236111123,33036.049833,21.593944790739094,4.416740872662511
60380.38236111123,33036.149833,21.780943900267143,4.487978628673196
60380.38236111123,33036.249833,21.967943009795192,4.559216384683882
60380.38236111123,33036.349833,22.15494211932324,4.630454140694568
60380.38236111123,33036.449833,22.34194122885129,4.7016918967052534
60380.38236111123,33036.549833,22.528940338379343,4.7729296527159395
60380.38236111123,33036.649833,22.71593944790739,4.844167408726625
60380.38236111123,33036.749833,22.90293855743544,4.915405164737311
60380.38236111123,33036.849833,23.089937666963493,4.986642920747996
60380.38236111123,33036.949833,23.276936776491542,5.057880676758682
60380.38237268524,33037.049833,23.46393588601959,5.129118432769367
60380.38237268524,33037.149833,23.65093499554764,5.200356188780053
60380.38237268524,33037.249833,23.83793410507569,5.271593944790739
60380.38237268524,33037.349833,24.02493321460374,5.342831700801424
60380.38237268524,33037.449833,24.21193232413179,5.41406945681211
60380.38237268524,33037.549833,24.39893143365984,5.4853072128227955
60380.38237268524,33037.649833,24.585930543187892,5.556544968833482
60380.38237268524,33037.749833,24.77292965271594,5.627782724844167
60380.38237268524,33037.849833,24.95992876224399,5.699020480854853
60380.38237268524,33037.949833,25.14692787177204,5.770258236865539
60380.382384259254,33038.049833,25.33392698130009,5.841495992876224
60380.382384259254,33038.149833,25.52092609082814,5.91273374888691
60380.382384259254,33038.249833,25.70792520035619,5.983971504897595
60380.382384259254,33038.349833,25.89492430988424,6.055209260908281
60380.382384259254,33038.449833,26.08192341941229,6.126447016918966
60380.382384259254,33038.549833,26.26892252894034,6.1976847729296525
60380.382384259254,33038.649833,26.45592163846839,6.2689225289403385
60380.382384259254,33038.749833,26.64292074799644,6.340160284951024
60380.382384259254,33038.849833,26.829919857524487,6.41139804096171
60380.382384259254,33038.949833,27.01691896705254,6.482635796972395
60380.382395833265,33039.049833,27.20391807658059,6.553873552983081
60380.382395833265,33039.149833,27.390917186108638,6.625111308993766
60380.382395833265,33039.249833,27.57791629563669,6.696349065004452
60380.382395833265,33039.349833,27.76491540516474,6.767586821015137
60380.382395833265,33039.449833,27.95191451469279,6.838824577025823
60380.382395833265,33039.549833,28.138913624220837,6.910062333036509
60380.382395833265,33039.649833,28.325912733748886,6.981300089047195
60380.382395833265,33039.749833,28.51291184327694,7.052537845057881
60380.382395833265,33039.849833,28.699910952804988,7.123775601068566
60380.382395833265,33039.949833,28.886910062333037,7.195013357079252
60380.382407407276,33040.049833,29.07390917186109,7.266251113089937
60380.382407407276,33040.149833,29.26090828138914,7.337488869100623
60380.382407407276,33040.249833,29.447907390917187,7.408726625111308
60380.382407407276,33040.349833,29.634906500445236,7.479964381121994
60380.382407407276,33040.449833,29.821905609973285,7.55120213713268
60380.382407407276,33040.549833,30.008904719501338,7.6224398931433655
60380.382407407276,33040.649833,30.195903829029387,7.6936776491540515
60380.382407407276,33040.749833,30.382902938557436,7.764915405164737
60380.382407407276,33040.849833,30.56990204808549,7.836153161175423
60380.382407407276,33040.949833,30.756901157613537,7.907390917186108
60380.38241898175,33041.049833,30.943900267141586,7.978628673196794
60380.38241898175,33041.149833,31.130899376669635,8.04986642920748
60380.38241898175,33041.249833,31.317898486197684,8.121104185218165
60380.38241898175,33041.349833,31.504897595725737,8.19234194122885
60380.38241898175,33041.449833,31.691896705253786,8.263579697239537
60380.38241898175,33041.549833,31.878895814781835,8.334817453250222
60380.38241898175,33041.649833,32.06589492430989,8.406055209260908
60380.38241898175,33041.749833,32.25289403383793,8.477292965271593
60380.38241898175,33041.849833,32.439893143365985,8.54853072128228
60380.38241898175,33041.949833,32.62689225289404,8.619768477292965
60380.382430555765,33042.049833,32.81389136242208,8.69100623330365
60380.382430555765,33042.149833,33.000890471950136,8.762243989314337
60380.382430555765,33042.249833,33.18788958147819,8.833481745325022
60380.382430555765,33042.349833,33.374888691006234,8.904719501335707
60380.382430555765,33042.449833,33.561887800534286,8.975957257346392
60380.382430555765,33042.549833,33.74888691006234,9.04719501335708
60380.382430555765,33042.649833,33.935886019590384,9.118432769367764
60380.382430555765,33042.749833,34.12288512911843,9.18967052537845
60380.382430555765,33042.849833,34.30988423864648,9.260908281389137
60380.382430555765,33042.949833,34.496883348174535,9.332146037399822
60380.382442129776,33043.049833,34.68388245770258,9.403383793410507
60380.382442129776,33043.149833,34.87088156723063,9.474621549421192
60380.382442129776,33043.249833,35.057880676758685,9.545859305431879
60380.382442129776,33043.349833,35.24487978628673,9.617097061442564
60380.382442129776,33043.449833,35.43187889581478,9.68833481745325
60380.382442129776,33043.549833,35.618878005342836,9.759572573463936
60380.382442129776,33043.649833,35.80587711487088,9.830810329474621
60380.382442129776,33043.749833,35.992876224398934,9.902048085485307
60380.382442129776,33043.849833,36.17987533392699,9.973285841495992
60380.382442129776,33043.949833,36.36687444345503,10.044523597506679
60380.38245370379,33044.049833,36.553873552983084,10.115761353517364
60380.38245370379,33044.149833,36.74087266251114,10.186999109528049
60380.38245370379,33044.249833,36.92787177203918,10.258236865538734
60380.38245370379,33044.349833,37.11487088156723,10.329474621549421
60380.38245370379,33044.449833,37.30186999109528,10.400712377560106
60380.38245370379,33044.549833,37.48886910062333,10.471950133570791
60380.38245370379,33044.649833,37.67586821015138,10.543187889581478
60380.38245370379,33044.749833,37.86286731967943,10.614425645592164
60380.38245370379,33044.849833,38.04986642920748,10.685663401602849
60380.38245370379,33044.949833,38.23686553873553,10.756901157613534
60380.3824652778,33045.049833,38.42386464826358,10.82813891362422
60380.3824652778,33045.149833,38.610863757791634,10.899376669634906
60380.3824652778,33045.249833,38.79786286731968,10.970614425645591
60380.3824652778,33045.349833,38.98486197684773,11.041852181656278
60380.3824652778,33045.449833,39.171861086375785,11.113089937666963
60380.3824652778,33045.549833,39.35886019590383,11.184327693677648
60380.3824652778,33045.649833,39.54585930543188,11.255565449688334
60380.3824652778,33045.749833,39.732858414959935,11.32680320569902
60380.3824652778,33045.849833,39.91985752448798,11.398040961709706
60380.3824652778,33045.949833,40.106856634016026,11.46927871772039
60380.38247685181,33046.049833,40.29385574354408,11.540516473731078
60380.38247685181,33046.149833,40.48085485307213,11.611754229741763
60380.38247685181,33046.249833,40.66785396260018,11.682991985752448
60380.38247685181,33046.349833,40.85485307212823,11.754229741763133
60380.38247685181,33046.449833,41.04185218165628,11.82546749777382
60380.38247685181,33046.549833,41.22885129118433,11.896705253784505
60380.38247685181,33046.649833,41.41585040071238,11.96794300979519
60380.38247685181,33046.749833,41.60284951024043,12.039180765805877
60380.38247685181,33046.849833,41.78984861976848,12.110418521816563
60380.38247685181,33046.949833,41.97684772929653,12.181656277827248
60380.38248842582,33047.049833,42.16384683882458,12.252894033837933
60380.38248842582,33047.149833,42.35084594835263,12.32413178984862
60380.38248842582,33047.249833,42.53784505788068,12.395369545859305
60380.38248842582,33047.349833,42.724844167408726,12.46660730186999
60380.38248842582,33047.449833,42.91184327693678,12.537845057880677
60380.38248842582,33047.549833,43.09884238646483,12.609082813891362
60380.38248842582,33047.649833,43.28584149599288,12.680320569902047
60380.38248842582,33047.749833,43.47284060552093,12.751558325912733
60380.38248842582,33047.849833,43.659839715048975,12.82279608192342
60380.38248842582,33047.949833,43.84683882457703,12.894033837934105
60380.38249999983,33048.049833,44.03383793410508,12.96527159394479
60380.38249999983,33048.149833,44.220837043633125,13.036509349955475
60380.38249999983,33048.249833,44.40783615316118,13.107747105966162
60380.38249999983,33048.349833,44.59483526268923,13.178984861976847
60380.38249999983,33048.449833,44.781834372217276,13.250222617987532
60380.38249999983,33048.549833,44.96883348174533,13.32146037399822
60380.38249999983,33048.649833,45.15583259127338,13.392698130008904
60380.38249999983,33048.749833,45.342831700801426,13.46393588601959
60380.38249999983,33048.849833,45.52983081032948,13.535173642030275
60380.38249999983,33048.949833,45.716829919857524,13.606411398040962
60380.38251157431,33049.049833,45.90382902938558,13.677649154051647
60380.38251157431,33049.149833,46.09082813891363,13.748886910062332
60380.38251157431,33049.249833,46.277827248441675,13.820124666073019
60380.38251157431,33049.349833,46.46482635796973,13.891362422083704
60380.38251157431,33049.449833,46.65182546749777,13.96260017809439
60380.38251157431,33049.549833,46.838824577025825,14.033837934105074
60380.38251157431,33049.649833,47.02582368655388,14.105075690115761
60380.38251157431,33049.749833,47.21282279608192,14.176313446126446
60380.38251157431,33049.849833,47.399821905609976,14.247551202137132
60380.38251157431,33049.949833,47.58682101513803,14.318788958147818
60380.38252314832,33050.049833,47.773820124666074,14.390026714158504
60380.38252314832,33050.149833,47.960819234194126,14.461264470169189
60380.38252314832,33050.249833,48.14781834372218,14.532502226179874
60380.38252314832,33050.349833,48.334817453250224,14.603739982190561
60380.38252314832,33050.449833,48.52181656277828,14.674977738201246
60380.38252314832,33050.549833,48.70881567230632,14.746215494211931
60380.38252314832,33050.649833,48.895814781834375,14.817453250222616
60380.38252314832,33050.749833,49.08281389136243,14.888691006233303
60380.38252314832,33050.849833,49.26981300089047,14.959928762243988
60380.38252314832,33050.949833,49.456812110418525,15.031166518254674
60380.38253472233,33051.049833,49.64381121994657,15.10240427426536
60380.38253472233,33051.149833,49.83081032947462,15.173642030276046
60380.38253472233,33051.249833,50.017809439002676,15.244879786286731
60380.38253472233,33051.349833,50.20480854853072,15.316117542297416
60380.38253472233,33051.449833,50.391807658058774,15.387355298308103
60380.38253472233,33051.549833,50.578806767586826,15.458593054318788
60380.38253472233,33051.649833,50.76580587711487,15.529830810329473
60380.38253472233,33051.749833,50.952804986642924,15.60106856634016
60380.38253472233,33051.849833,51.13980409617098,15.672306322350845
60380.38253472233,33051.949833,51.32680320569902,15.74354407836153
60380.38254629634,33052.049833,51.513802315227075,15.814781834372216
60380.38254629634,33052.149833,51.70080142475512,15.886019590382903
60380.38254629634,33052.249833,51.88780053428317,15.957257346393588
60380.38254629634,33052.349833,52.074799643811225,16.028495102404275
60380.38254629634,33052.449833,52.26179875333927,16.09973285841496
60380.38254629634,33052.549833,52.44879786286732,16.170970614425645
60380.38254629634,33052.649833,52.63579697239537,16.24220837043633
60380.38254629634,33052.749833,52.82279608192342,16.313446126447015
60380.38254629634,33052.849833,53.009795191451474,16.3846838824577
60380.38254629634,33052.949833,53.19679430097952,16.455921638468386
60380.382557870355,33053.049833,53.38379341050757,16.527159394479074
60380.382557870355,33053.149833,53.570792520035624,16.59839715048976
60380.382557870355,33053.249833,53.75779162956367,16.669634906500445
60380.382557870355,33053.349833,53.94479073909172,16.74087266251113
60380.382557870355,33053.449833,54.131789848619775,16.812110418521815
60380.382557870355,33053.549833,54.31878895814782,16.8833481745325
60380.382557870355,33053.649833,54.50578806767587,16.954585930543185
60380.382557870355,33053.749833,54.69278717720392,17.025823686553874
60380.382557870355,33053.849833,54.87978628673197,17.09706144256456
60380.382557870355,33053.949833,55.06678539626002,17.168299198575244
60380.382569444366,33054.049833,55.25378450578807,17.23953695458593
60380.382569444366,33054.149833,55.44078361531612,17.310774710596615
60380.382569444366,33054.249833,55.62778272484417,17.3820124666073
60380.382569444366,33054.349833,55.81478183437222,17.453250222617985
60380.382569444366,33054.449833,56.00178094390027,17.524487978628674
60380.382569444366,33054.549833,56.18878005342832,17.59572573463936
60380.382569444366,33054.649833,56.37577916295637,17.666963490650044
60380.382569444366,33054.749833,56.56277827248442,17.73820124666073
60380.382569444366,33054.849833,56.74977738201247,17.809439002671414
60380.382569444366,33054.949833,56.93677649154052,17.8806767586821
60380.38258101838,33055.049833,57.12377560106857,17.951914514692785
60380.38258101838,33055.149833,57.31077471059662,18.023152270703473
60380.38258101838,33055.249833,57.49777382012467,18.09439002671416
60380.38258101838,33055.349833,57.684772929652716,18.165627782724844
60380.38258101838,33055.449833,57.87177203918077,18.23686553873553
60380.38258101838,33055.549833,58.05877114870882,18.308103294746214
60380.38258101838,33055.649833,58.24577025823687,18.3793410507569
60380.38258101838,33055.749833,58.43276936776492,18.450578806767584
60380.38258101838,33055.849833,58.619768477292965,18.521816562778273
60380.38258101838,33055.949833,58.80676758682102,18.59305431878896
60380.382592592854,33056.049833,58.99376669634907,18.664292074799643
60380.382592592854,33056.149833,59.180765805877115,18.73552983081033
60380.382592592854,33056.249833,59.36776491540517,18.806767586821014
60380.382592592854,33056.349833,59.55476402493322,18.8780053428317
60380.382592592854,33056.449833,59.741763134461266,18.949243098842384
60380.382592592854,33056.549833,59.92876224398932,19.020480854853073
60380.382592592854,33056.649833,60.11576135351737,19.091718610863758
60380.382592592854,33056.749833,60.302760463045416,19.162956366874443
60380.382592592854,33056.849833,60.48975957257347,19.23419412288513
60380.382592592854,33056.949833,60.676758682101514,19.305431878895813
60380.382604166865,33057.049833,60.86375779162957,19.3766696349065
60380.382604166865,33057.149833,61.05075690115762,19.447907390917184
60380.382604166865,33057.249833,61.237756010685665,19.519145146927873
60380.382604166865,33057.349833,61.42475512021372,19.590382902938558
60380.382604166865,33057.449833,61.61175422974176,19.661620658949243
60380.382604166865,33057.549833,61.798753339269815,19.732858414959928
60380.382604166865,33057.649833,61.98575244879787,19.804096170970613
60380.382604166865,33057.749833,62.17275155832591,19.8753339269813
60380.382604166865,33057.849833,62.359750667853966,19.946571682991983
60380.382604166865,33057.949833,62.54674977738202,20.017809439002672
60380.38261574088,33058.049833,62.733748886910064,20.089047195013357
60380.38261574088,33058.149833,62.920747996438116,20.160284951024042
60380.38261574088,33058.249833,63.10774710596617,20.231522707034728
60380.38261574088,33058.349833,63.294746215494214,20.302760463045413
60380.38261574088,33058.449833,63.48174532502227,20.373998219056098
60380.38261574088,33058.549833,63.66874443455031,20.445235975066783
60380.38261574088,33058.649833,63.855743544078365,20.51647373107747
60380.38261574088,33058.749833,64.04274265360641,20.587711487088157
60380.38261574088,33058.849833,64.22974176313446,20.658949243098842
60380.38261574088,33058.949833,64.41674087266252,20.730186999109527
60380.38262731489,33059.049833,64.60373998219056,20.801424755120212
60380.38262731489,33059.149833,64.79073909171862,20.872662511130898
60380.38262731489,33059.249833,64.97773820124667,20.943900267141583
60380.38262731489,33059.349833,65.16473731077471,21.015138023152268
60380.38262731489,33059.449833,65.35173642030276,21.086375779162957
60380.38262731489,33059.549833,65.53873552983082,21.157613535173642
60380.38262731489,33059.649833,65.72573463935886,21.228851291184327
60380.38262731489,33059.749833,65.91273374888692,21.300089047195012
60380.38262731489,33059.849833,66.09973285841497,21.371326803205697
60380.38262731489,33059.949833,66.28673196794301,21.442564559216382
60380.3826388889,33060.049833,66.47373107747106,21.513802315227068
60380.3826388889,33060.149833,66.6607301869991,21.585040071237756
60380.3826388889,33060.249833,66.84772929652716,21.65627782724844
60380.3826388889,33060.349833,67.03472840605522,21.727515583259127
60380.3826388889,33060.449833,67.22172751558327,21.798753339269812
60380.3826388889,33060.549833,67.40872662511131,21.869991095280497
60380.3826388889,33060.649833,67.59572573463936,21.941228851291182
60380.3826388889,33060.749833,67.7827248441674,22.012466607301867
60380.3826388889,33060.849833,67.96972395369546,22.083704363312556
60380.3826388889,33060.949833,68.15672306322351,22.15494211932324
60380.38265046291,33061.049833,68.34372217275157,22.226179875333926
60380.38265046291,33061.149833,68.53072128227961,22.29741763134461
60380.38265046291,33061.249833,68.71772039180766,22.368655387355297
60380.38265046291,33061.349833,68.9047195013357,22.439893143365982
60380.38265046291,33061.449833,69.09171861086377,22.511130899376667
60380.38265046291,33061.549833,69.27871772039181,22.582368655387356
60380.38265046291,33061.649833,69.46571682991987,22.65360641139804
60380.38265046291,33061.749833,69.65271593944792,22.724844167408726
60380.38265046291,33061.849833,69.83971504897596,22.79608192341941
60380.38265046291,33061.949833,70.026714158504,22.867319679430096
60380.38266203692,33062.049833,70.21371326803205,22.93855743544078
60380.38266203692,33062.149833,70.40071237756011,23.009795191451467
60380.38266203692,33062.249833,70.58771148708816,23.081032947462155
60380.38266203692,33062.349833,70.77471059661622,23.15227070347284
60380.38266203692,33062.449833,70.96170970614426,23.223508459483526
60380.38266203692,33062.549833,71.14870881567231,23.29474621549421
60380.38266203692,33062.649833,71.33570792520035,23.365983971504896
60380.38266203692,33062.749833,71.52270703472841,23.43722172751558
60380.38266203692,33062.849833,71.70970614425646,23.508459483526266
60380.38266203692,33062.949833,71.89670525378452,23.579697239536955
60380.38267361093,33063.049833,72.08370436331256,23.65093499554764
60380.38267361093,33063.149833,72.27070347284061,23.722172751558325
60380.38267361093,33063.249833,72.45770258236865,23.79341050756901
60380.38267361093,33063.349833,72.6447016918967,23.864648263579696
60380.38267361093,33063.449833,72.83170080142476,23.93588601959038
60380.38267361093,33063.549833,73.01869991095282,24.007123775601066
60380.38267361093,33063.649833,73.20569902048086,24.078361531611755
60380.38267361093,33063.749833,73.39269813000891,24.14959928762244
60380.38267361093,33063.849833,73.57969723953696,24.220837043633125
60380.38267361093,33063.949833,73.766696349065,24.29207479964381
60380.38268518541,33064.049833,73.95369545859306,24.363312555654495
60380.38268518541,33064.149833,74.1406945681211,24.43455031166518
60380.38268518541,33064.249833,74.32769367764917,24.505788067675866
60380.38268518541,33064.349833,74.51469278717721,24.577025823686554
60380.38268518541,33064.449833,74.70169189670526,24.64826357969724
60380.38268518541,33064.549833,74.8886910062333,24.719501335707925
60380.38268518541,33064.649833,75.07569011576136,24.79073909171861
60380.38268518541,33064.749833,75.2626892252894,24.861976847729295
60380.38268518541,33064.849833,75.44968833481745,24.93321460373998
60380.38268518541,33064.949833,75.63668744434551,25.004452359750665
60380.38269675942,33065.049833,75.82368655387356,25.075690115761354
60380.38269675942,33065.149833,76.0106856634016,25.14692787177204
60380.38269675942,33065.249833,76.19768477292966,25.218165627782724
60380.38269675942,33065.349833,76.38468388245771,25.28940338379341
60380.38269675942,33065.449833,76.57168299198575,25.360641139804095
60380.38269675942,33065.549833,76.75868210151381,25.43187889581478
60380.38269675942,33065.649833,76.94568121104186,25.503116651825465
60380.38269675942,33065.749833,77.1326803205699,25.57435440783615
60380.38269675942,33065.849833,77.31967943009795,25.64559216384684
60380.38269675942,33065.949833,77.50667853962601,25.716829919857524
60380.38270833343,33066.049833,77.69367764915405,25.78806767586821
60380.38270833343,33066.149833,77.8806767586821,25.859305431878894
60380.38270833343,33066.249833,78.06767586821016,25.93054318788958
60380.38270833343,33066.349833,78.2546749777382,26.001780943900265
60380.38270833343,33066.449833,78.44167408726625,26.07301869991095
60380.38270833343,33066.549833,78.62867319679431,26.14425645592164
60380.38270833343,33066.649833,78.81567230632236,26.215494211932324
60380.38270833343,33066.749833,79.0026714158504,26.28673196794301
60380.38270833343,33066.849833,79.18967052537846,26.357969723953694
60380.38270833343,33066.949833,79.3766696349065,26.42920747996438
60380.382719907444,33067.049833,79.56366874443455,26.500445235975064
60380.382719907444,33067.149833,79.75066785396261,26.57168299198575
60380.382719907444,33067.249833,79.93766696349066,26.64292074799644
60380.382719907444,33067.349833,80.1246660730187,26.714158504007123
60380.382719907444,33067.449833,80.31166518254676,26.78539626001781
60380.382719907444,33067.549833,80.4986642920748,26.856634016028494
60380.382719907444,33067.649833,80.68566340160285,26.92787177203918
60380.382719907444,33067.749833,80.8726625111309,26.999109528049864
60380.382719907444,33067.849833,81.05966162065896,27.07034728406055
60380.382719907444,33067.949833,81.246660730187,27.141585040071238
60380.382731481455,33068.049833,81.43365983971505,27.212822796081923
60380.382731481455,33068.149833,81.62065894924311,27.28406055209261
60380.382731481455,33068.249833,81.80765805877115,27.355298308103293
60380.382731481455,33068.349833,81.9946571682992,27.42653606411398
60380.382731481455,33068.449833,82.18165627782726,27.497773820124664
60380.382731481455,33068.549833,82.3686553873553,27.56901157613535
60380.382731481455,33068.649833,82.55565449688335,27.640249332146038
60380.382731481455,33068.749833,82.74265360641141,27.711487088156723
60380.382731481455,33068.849833,82.92965271593945,27.782724844167408
60380.382731481455,33068.949833,83.1166518254675,27.853962600178093
60380.38274305547,33069.049833,83.30365093499555,27.92520035618878
60380.38274305547,33069.149833,83.4906500445236,27.996438112199463
60380.38274305547,33069.249833,83.67764915405165,28.06767586821015
60380.38274305547,33069.349833,83.8646482635797,28.138913624220837
60380.38274305547,33069.449833,84.05164737310776,28.210151380231522
60380.38274305547,33069.549833,84.2386464826358,28.281389136242208
60380.38274305547,33069.649833,84.42564559216385,28.352626892252893
60380.38274305547,33069.749833,84.6126447016919,28.423864648263578
60380.38274305547,33069.849833,84.79964381121995,28.495102404274263
60380.38274305547,33069.949833,84.986642920748,28.56634016028495
60380.38275462948,33070.049833,85.17364203027606,28.637577916295637
60380.38275462948,33070.149833,85.3606411398041,28.708815672306322
60380.38275462948,33070.249833,85.54764024933215,28.780053428317007
60380.38275462948,33070.349833,85.7346393588602,28.851291184327692
60380.38275462948,33070.449833,85.92163846838825,28.922528940338378
60380.38275462948,33070.549833,86.1086375779163,28.993766696349063
60380.38275462948,33070.649833,86.29563668744436,29.065004452359748
60380.38275462948,33070.749833,86.4826357969724,29.136242208370437
60380.38275462948,33070.849833,86.66963490650045,29.207479964381122
60380.38275462948,33070.949833,86.8566340160285,29.278717720391807
60380.38276620349,33071.049833,87.04363312555655,29.349955476402492
60380.38276620349,33071.149833,87.2306322350846,29.421193232413177
60380.38276620349,33071.249833,87.41763134461264,29.492430988423862
60380.38276620349,33071.349833,87.6046304541407,29.563668744434548
60380.38276620349,33071.449833,87.79162956366875,29.634906500445233
60380.38276620349,33071.549833,87.9786286731968,29.70614425645592
60380.38276620349,33071.649833,88.16562778272485,29.777382012466607
60380.38276620349,33071.749833,88.3526268922529,29.848619768477292
60380.38276620349,33071.849833,88.53962600178095,29.919857524487977
60380.38276620349,33071.949833,88.726625111309,29.991095280498662
60380.382777777966,33072.049833,88.91362422083705,30.062333036509347
60380.382777777966,33072.149833,89.1006233303651,30.133570792520032
60380.382777777966,33072.249833,89.28762243989314,30.20480854853072
60380.382777777966,33072.349833,89.4746215494212,30.276046304541406
60380.382777777966,33072.449833,89.66162065894925,30.34728406055209
60380.382777777966,33072.549833,89.84861976847729,30.418521816562777
60380.382777777966,33072.649833,90.03561887800535,30.489759572573462
60380.382777777966,33072.749833,90.2226179875334,30.560997328584147
60380.382777777966,33072.849833,90.40961709706144,30.632235084594832
60380.382777777966,33072.949833,90.5966162065895,30.70347284060552
60380.38278935198,33073.049833,90.78361531611755,30.774710596616206
60380.38278935198,33073.149833,90.97061442564559,30.84594835262689
60380.38278935198,33073.249833,91.15761353517365,30.917186108637576
60380.38278935198,33073.349833,91.3446126447017,30.98842386464826
60380.38278935198,33073.449833,91.53161175422974,31.059661620658947
60380.38278935198,33073.549833,91.7186108637578,31.130899376669632
60380.38278935198,33073.649833,91.90560997328585,31.20213713268032
60380.38278935198,33073.749833,92.0926090828139,31.273374888691006
60380.38278935198,33073.849833,92.27960819234195,31.34461264470169
60380.38278935198,33073.949833,92.46660730187,31.415850400712376
60380.38280092599,33074.049833,92.65360641139804,31.48708815672306
60380.38280092599,33074.149833,92.84060552092609,31.558325912733746
60380.38280092599,33074.249833,93.02760463045415,31.62956366874443
60380.38280092599,33074.349833,93.2146037399822,31.70080142475512
60380.38280092599,33074.449833,93.40160284951024,31.772039180765805
60380.38280092599,33074.549833,93.5886019590383,31.84327693677649
60380.38280092599,33074.649833,93.77560106856635,31.914514692787176
60380.38280092599,33074.749833,93.96260017809439,31.98575244879786
60380.38280092599,33074.849833,94.14959928762245,32.05699020480855
60380.38280092599,33074.949833,94.3365983971505,32.12822796081923
60380.3828125,33075.049833,94.52359750667854,32.19946571682992
60380.3828125,33075.149833,94.7105966162066,32.2707034728406
60380.3828125,33075.249833,94.89759572573465,32.34194122885129
60380.3828125,33075.349833,95.08459483526269,32.41317898486197
60380.3828125,33075.449833,95.27159394479074,32.48441674087266
60380.3828125,33075.549833,95.4585930543188,32.55565449688335
60380.3828125,33075.649833,95.64559216384684,32.62689225289403
60380.3828125,33075.749833,95.83259127337489,32.69813000890472
60380.3828125,33075.849833,96.01959038290295,32.7693677649154
60380.3828125,33075.949833,96.206589492431,32.84060552092609
60380.38282407401,33076.049833,96.39358860195904,32.91184327693677
60380.38282407401,33076.149833,96.5805877114871,32.98308103294746
60380.38282407401,33076.249833,96.76758682101514,33.05431878895815
60380.38282407401,33076.349833,96.95458593054319,33.12555654496883
60380.38282407401,33076.449833,97.14158504007125,33.19679430097952
60380.38282407401,33076.549833,97.3285841495993,33.2680320569902
60380.38282407401,33076.649833,97.51558325912734,33.33926981300089
60380.38282407401,33076.749833,97.7025823686554,33.41050756901157
60380.38282407401,33076.849833,97.88958147818344,33.48174532502226
60380.38282407401,33076.949833,98.07658058771149,33.55298308103295
60380.38283564802,33077.049833,98.26357969723955,33.62422083704363
60380.38283564802,33077.149833,98.4505788067676,33.69545859305432
60380.38283564802,33077.249833,98.63757791629564,33.766696349065
60380.38283564802,33077.349833,98.82457702582369,33.83793410507569
60380.38283564802,33077.449833,99.01157613535175,33.90917186108637
60380.38283564802,33077.549833,99.19857524487979,33.98040961709706
60380.38283564802,33077.649833,99.38557435440784,34.05164737310775
60380.38283564802,33077.749833,99.5725734639359,34.12288512911843
60380.38283564802,33077.849833,99.75957257346394,34.19412288512912
60380.38283564802,33077.949833,99.94657168299199,34.2653606411398
60380.382847222034,33078.049833,100.13357079252005,34.33659839715049
60380.382847222034,33078.149833,100.32056990204809,34.40783615316117
60380.382847222034,33078.249833,100.50756901157614,34.47907390917186
60380.382847222034,33078.349833,100.6945681211042,34.55031166518255
60380.382847222034,33078.449833,100.88156723063224,34.62154942119323
60380.382847222034,33078.549833,101.06856634016029,34.69278717720392
60380.382847222034,33078.649833,101.25556544968833,34.7640249332146
60380.382847222034,33078.749833,101.4425645592164,34.83526268922529
60380.382847222034,33078.849833,101.62956366874444,34.90650044523597
60380.382847222034,33078.949833,101.81656277827248,34.97773820124666
60380.38285879651,33079.049833,102.00356188780054,35.04897595725735
60380.38285879651,33079.149833,102.19056099732859,35.12021371326803
60380.38285879651,33079.249833,102.37756010685663,35.19145146927872
60380.38285879651,33079.349833,102.5645592163847,35.2626892252894
60380.38285879651,33079.449833,102.75155832591274,35.33392698130009
60380.38285879651,33079.549833,102.93855743544079,35.40516473731077
60380.38285879651,33079.649833,103.12555654496884,35.47640249332146
60380.38285879651,33079.749833,103.31255565449689,35.54764024933215
60380.38285879651,33079.849833,103.49955476402494,35.61887800534283
60380.38285879651,33079.949833,103.686553873553,35.69011576135352
60380.38287037052,33080.049833,103.87355298308104,35.7613535173642
60380.38287037052,33080.149833,104.06055209260909,35.83259127337489
60380.38287037052,33080.249833,104.24755120213715,35.90382902938557
60380.38287037052,33080.349833,104.43455031166519,35.97506678539626
60380.38287037052,33080.449833,104.62154942119324,36.04630454140695
60380.38287037052,33080.549833,104.80854853072128,36.11754229741763
60380.38287037052,33080.649833,104.99554764024934,36.18878005342832
60380.38287037052,33080.749833,105.18254674977739,36.260017809439
60380.38287037052,33080.849833,105.36954585930543,36.33125556544969
60380.38287037052,33080.949833,105.55654496883349,36.40249332146037
60380.38288194453,33081.049833,105.74354407836154,36.47373107747106
60380.38288194453,33081.149833,105.93054318788958,36.54496883348175
60380.38288194453,33081.249833,106.11754229741764,36.61620658949243
60380.38288194453,33081.349833,106.30454140694569,36.68744434550312
60380.38288194453,33081.449833,106.49154051647373,36.7586821015138
60380.38288194453,33081.549833,106.6785396260018,36.82991985752449
60380.38288194453,33081.649833,106.86553873552984,36.90115761353517
60380.38288194453,33081.749833,107.05253784505788,36.97239536954586
60380.38288194453,33081.849833,107.23953695458593,37.043633125556546
60380.38288194453,33081.949833,107.42653606411399,37.11487088156723
60380.382893518545,33082.049833,107.61353517364203,37.18610863757792
60380.382893518545,33082.149833,107.80053428317008,37.2573463935886
60380.382893518545,33082.249833,107.98753339269814,37.32858414959929
60380.382893518545,33082.349833,108.17453250222619,37.39982190560997
60380.382893518545,33082.449833,108.36153161175423,37.47105966162066
60380.382893518545,33082.549833,108.54853072128229,37.542297417631346
60380.382893518545,33082.649833,108.73552983081034,37.61353517364203
60380.382893518545,33082.749833,108.92252894033838,37.684772929652716
60380.382893518545,33082.849833,109.10952804986644,37.7560106856634
60380.382893518545,33082.949833,109.29652715939449,37.82724844167409
60380.382905092556,33083.049833,109.48352626892253,37.89848619768477
60380.382905092556,33083.149833,109.67052537845059,37.96972395369546
60380.382905092556,33083.249833,109.85752448797864,38.040961709706146
60380.382905092556,33083.349833,110.04452359750668,38.11219946571683
60380.382905092556,33083.449833,110.23152270703474,38.183437221727516
60380.382905092556,33083.549833,110.41852181656279,38.2546749777382
60380.382905092556,33083.649833,110.60552092609083,38.325912733748886
60380.382905092556,33083.749833,110.79252003561888,38.39715048975957
60380.382905092556,33083.849833,110.97951914514694,38.46838824577026
60380.382905092556,33083.949833,111.16651825467498,38.539626001780945
60380.38291666657,33084.049833,111.35351736420303,38.61086375779163
60380.38291666657,33084.149833,111.54051647373109,38.682101513802316
60380.38291666657,33084.249833,111.72751558325913,38.753339269813
60380.38291666657,33084.349833,111.91451469278718,38.824577025823686
60380.38291666657,33084.449833,112.10151380231524,38.89581478183437
60380.38291666657,33084.549833,112.28851291184328,38.967052537845056
60380.38291666657,33084.649833,112.47551202137133,39.038290293855745
60380.38291666657,33084.749833,112.66251113089939,39.10952804986643
60380.38291666657,33084.849833,112.84951024042743,39.180765805877115
60380.38291666657,33084.949833,113.03650934995548,39.2520035618878
60380.38292824058,33085.049833,113.22350845948353,39.323241317898486
60380.38292824058,33085.149833,113.41050756901159,39.39447907390917
60380.38292824058,33085.249833,113.59750667853963,39.465716829919856
60380.38292824058,33085.349833,113.78450578806768,39.536954585930545
60380.38292824058,33085.449833,113.97150489759574,39.608192341941226
60380.38292824058,33085.549833,114.15850400712378,39.679430097951915
60380.38292824058,33085.649833,114.34550311665183,39.7506678539626
60380.38292824058,33085.749833,114.53250222617989,39.821905609973285
60380.38292824058,33085.849833,114.71950133570793,39.89314336598397
60380.38292824058,33085.949833,114.90650044523598,39.964381121994656
60380.382939815056,33086.049833,115.09349955476404,40.035618878005344
60380.382939815056,33086.149833,115.28049866429208,40.106856634016026
60380.382939815056,33086.249833,115.46749777382013,40.178094390026715
60380.382939815056,33086.349833,115.65449688334819,40.249332146037396
60380.382939815056,33086.449833,115.84149599287623,40.320569902048085
60380.382939815056,33086.549833,116.02849510240428,40.39180765805877
60380.382939815056,33086.649833,116.21549421193234,40.463045414069455
60380.382939815056,33086.749833,116.40249332146038,40.534283170080144
60380.382939815056,33086.849833,116.58949243098843,40.605520926090826
60380.382939815056,33086.949833,116.77649154051647,40.676758682101514
60380.38295138907,33087.049833,116.96349065004453,40.747996438112196
60380.38295138907,33087.149833,117.15048975957258,40.819234194122885
60380.38295138907,33087.249833,117.33748886910062,40.890471950133566
60380.38295138907,33087.349833,117.52448797862868,40.961709706144255
60380.38295138907,33087.449833,117.71148708815673,41.03294746215494
60380.38295138907,33087.549833,117.89848619768478,41.104185218165625
60380.38295138907,33087.649833,118.08548530721283,41.175422974176314
60380.38295138907,33087.749833,118.27248441674088,41.246660730186996
60380.38295138907,33087.849833,118.45948352626893,41.317898486197684
60380.38295138907,33087.949833,118.64648263579699,41.389136242208366
60380.38296296308,33088.049833,118.83348174532503,41.460373998219055
60380.38296296308,33088.149833,119.02048085485308,41.531611754229736
60380.38296296308,33088.249833,119.20747996438112,41.602849510240425
60380.38296296308,33088.349833,119.39447907390918,41.674087266251114
60380.38296296308,33088.449833,119.58147818343723,41.745325022261795
60380.38296296308,33088.549833,119.76847729296527,41.816562778272484
60380.38296296308,33088.649833,119.95547640249333,41.887800534283166
60380.38296296308,33088.749833,120.14247551202138,41.959038290293854
60380.38296296308,33088.849833,120.32947462154942,42.030276046304536
60380.38296296308,33088.949833,120.51647373107748,42.101513802315225
60380.38297453709,33089.049833,120.70347284060553,42.17275155832591
60380.38297453709,33089.149833,120.89047195013357,42.243989314336595
60380.38297453709,33089.249833,121.07747105966163,42.315227070347284
60380.38297453709,33089.349833,121.26447016918968,42.386464826357965
60380.38297453709,33089.449833,121.45146927871772,42.457702582368654
60380.38297453709,33089.549833,121.63846838824578,42.528940338379336
60380.38297453709,33089.649833,121.82546749777383,42.600178094390024
60380.38297453709,33089.749833,122.01246660730187,42.67141585040071
60380.38297453709,33089.849833,122.19946571682993,42.742653606411395
60380.38297453709,33089.949833,122.38646482635798,42.81389136242208
60380.3829861111,33090.049833,122.57346393588602,42.885129118432765
60380.3829861111,33090.149833,122.76046304541407,42.956366874443454
60380.3829861111,33090.249833,122.94746215494213,43.027604630454135
60380.3829861111,33090.349833,123.13446126447018,43.098842386464824
60380.3829861111,33090.449833,123.32146037399822,43.17008014247551
60380.3829861111,33090.549833,123.50845948352628,43.241317898486194
60380.3829861111,33090.649833,123.69545859305433,43.31255565449688
60380.3829861111,33090.749833,123.88245770258237,43.383793410507565
60380.3829861111,33090.849833,124.06945681211043,43.45503116651825
60380.3829861111,33090.949833,124.25645592163848,43.526268922528935
60380.38299768511,33091.049833,124.44345503116652,43.597506678539624
60380.38299768511,33091.149833,124.63045414069458,43.66874443455031
60380.38299768511,33091.249833,124.81745325022263,43.739982190560994
60380.38299768511,33091.349833,125.00445235975067,43.81121994657168
60380.38299768511,33091.449833,125.19145146927872,43.882457702582364
60380.38299768511,33091.549833,125.37845057880678,43.95369545859305
60380.38299768511,33091.649833,125.56544968833482,44.024933214603735
60380.38299768511,33091.749833,125.75244879786287,44.09617097061442
60380.38299768511,33091.849833,125.93944790739093,44.16740872662511
60380.38299768511,33091.949833,126.12644701691897,44.238646482635794
60380.38300925912,33092.049833,126.31344612644702,44.30988423864648
60380.38300925912,33092.149833,126.50044523597508,44.381121994657164
60380.38300925912,33092.249833,126.68744434550312,44.45235975066785
60380.38300925912,33092.349833,126.87444345503117,44.523597506678534
60380.38300925912,33092.449833,127.06144256455923,44.59483526268922
60380.38300925912,33092.549833,127.24844167408727,44.66607301869991
60380.38300925912,33092.649833,127.43544078361532,44.73731077471059
60380.38300925912,33092.749833,127.62243989314338,44.80854853072128
60380.38300925912,33092.849833,127.80943900267143,44.879786286731964
60380.38300925912,33092.949833,127.99643811219947,44.95102404274265
60380.383020833135,33093.049833,128.18343722172753,45.022261798753334
60380.383020833135,33093.149833,128.37043633125558,45.09349955476402
60380.383020833135,33093.249833,128.55743544078362,45.16473731077471
60380.383020833135,33093.349833,128.74443455031167,45.23597506678539
60380.383020833135,33093.449833,128.93143365983974,45.30721282279608
60380.383020833135,33093.549833,129.11843276936776,45.37845057880676
60380.383020833135,33093.649833,129.30543187889583,45.44968833481745
60380.383020833135,33093.749833,129.49243098842388,45.520926090828134
60380.383020833135,33093.849833,129.67943009795192,45.59216384683882
60380.383020833135,33093.949833,129.86642920747997,45.66340160284951
60380.38303240761,33094.049833,130.053428317008,45.73463935886019
60380.38303240761,33094.149833,130.2404274265361,45.80587711487088
60380.38303240761,33094.249833,130.4274265360641,45.87711487088156
60380.38303240761,33094.349833,130.61442564559218,45.94835262689225
60380.38303240761,33094.449833,130.80142475512022,46.01959038290293
60380.38303240761,33094.549833,130.98842386464827,46.09082813891362
60380.38303240761,33094.649833,131.1754229741763,46.16206589492431
60380.38303240761,33094.749833,131.36242208370436,46.23330365093499
60380.38303240761,33094.849833,131.54942119323243,46.30454140694568
60380.38303240761,33094.949833,131.73642030276045,46.37577916295636
60380.38304398162,33095.049833,131.92341941228852,46.44701691896705
60380.38304398162,33095.149833,132.11041852181657,46.51825467497773
60380.38304398162,33095.249833,132.29741763134462,46.58949243098842
60380.38304398162,33095.349833,132.4844167408727,46.66073018699911
60380.38304398162,33095.449833,132.6714158504007,46.73196794300979
60380.38304398162,33095.549833,132.85841495992878,46.80320569902048
60380.38304398162,33095.649833,133.04541406945683,46.87444345503116
60380.38304398162,33095.749833,133.23241317898487,46.94568121104185
60380.38304398162,33095.849833,133.41941228851292,47.01691896705253
60380.38304398162,33095.949833,133.60641139804096,47.08815672306322
60380.383055555634,33096.049833,133.79341050756904,47.15939447907391
60380.383055555634,33096.149833,133.98040961709705,47.23063223508459
60380.383055555634,33096.249833,134.16740872662513,47.30186999109528
60380.383055555634,33096.349833,134.35440783615317,47.37310774710596
60380.383055555634,33096.449833,134.54140694568122,47.44434550311665
60380.383055555634,33096.549833,134.72840605520926,47.51558325912733
60380.383055555634,33096.649833,134.9154051647373,47.58682101513802
60380.383055555634,33096.749833,135.10240427426538,47.65805877114871
60380.383055555634,33096.849833,135.2894033837934,47.72929652715939
60380.383055555634,33096.949833,135.47640249332147,47.80053428317008
60380.383067129645,33097.049833,135.66340160284952,47.87177203918076
60380.383067129645,33097.149833,135.85040071237756,47.94300979519145
60380.383067129645,33097.249833,136.03739982190564,48.01424755120213
60380.383067129645,33097.349833,136.22439893143365,48.08548530721282
60380.383067129645,33097.449833,136.41139804096173,48.15672306322351
60380.383067129645,33097.549833,136.59839715048977,48.22796081923419
60380.383067129645,33097.649833,136.78539626001782,48.29919857524488
60380.383067129645,33097.749833,136.97239536954586,48.37043633125556
60380.383067129645,33097.849833,137.1593944790739,48.44167408726625
60380.383067129645,33097.949833,137.34639358860198,48.51291184327693
60380.38307870366,33098.049833,137.53339269813,48.58414959928762
60380.38307870366,33098.149833,137.72039180765807,48.65538735529831
60380.38307870366,33098.249833,137.90739091718612,48.72662511130899
60380.38307870366,33098.349833,138.09439002671417,48.79786286731968
60380.38307870366,33098.449833,138.2813891362422,48.86910062333036
60380.38307870366,33098.549833,138.46838824577026,48.94033837934105
60380.38307870366,33098.649833,138.65538735529833,49.01157613535173
60380.38307870366,33098.749833,138.84238646482638,49.08281389136242
60380.38307870366,33098.849833,139.02938557435442,49.15405164737311
60380.38307870366,33098.949833,139.21638468388247,49.22528940338379
60380.38309027767,33099.049833,139.4033837934105,49.29652715939448
60380.38309027767,33099.149833,139.59038290293856,49.36776491540516
60380.38309027767,33099.249833,139.7773820124666,49.43900267141585
60380.38309027767,33099.349833,139.96438112199468,49.51024042742653
60380.38309027767,33099.449833,140.15138023152272,49.58147818343722
60380.38309027767,33099.549833,140.33837934105077,49.65271593944791
60380.38309027767,33099.649833,140.5253784505788,49.72395369545859
60380.38309027767,33099.749833,140.71237756010686,49.79519145146928
60380.38309027767,33099.849833,140.8993766696349,49.86642920747996
60380.38309027767,33099.949833,141.08637577916298,49.93766696349065
60380.38310185168,33100.049833,141.27337488869102,50.00890471950133
60380.38310185168,33100.149833,141.46037399821907,50.08014247551202
60380.38310185168,33100.249833,141.64737310774711,50.15138023152271
60380.38310185168,33100.349833,141.83437221727516,50.22261798753339
60380.38310185168,33100.449833,142.0213713268032,50.29385574354408
60380.38310185168,33100.549833,142.20837043633125,50.36509349955476
60380.38310185168,33100.649833,142.39536954585932,50.43633125556545
60380.38310185168,33100.749833,142.58236865538737,50.50756901157613
60380.38310185168,33100.849833,142.76936776491542,50.57880676758682
60380.38310185168,33100.949833,142.95636687444346,50.6500445235975
60380.383113426156,33101.049833,143.1433659839715,50.72128227960819
60380.383113426156,33101.149833,143.33036509349955,50.79252003561888
60380.383113426156,33101.249833,143.51736420302763,50.86375779162956
60380.383113426156,33101.349833,143.70436331255567,50.93499554764025
60380.383113426156,33101.449833,143.89136242208372,51.00623330365093
60380.383113426156,33101.549833,144.07836153161176,51.07747105966162
60380.383113426156,33101.649833,144.2653606411398,51.1487088156723
60380.383113426156,33101.749833,144.45235975066785,51.21994657168299
60380.383113426156,33101.849833,144.6393588601959,51.29118432769368
60380.383113426156,33101.949833,144.82635796972397,51.36242208370436
60380.38312500017,33102.049833,145.01335707925202,51.43365983971505
60380.38312500017,33102.149833,145.20035618878006,51.50489759572573
60380.38312500017,33102.249833,145.3873552983081,51.57613535173642
60380.38312500017,33102.349833,145.57435440783615,51.6473731077471
60380.38312500017,33102.449833,145.7613535173642,51.71861086375779
60380.38312500017,33102.549833,145.94835262689227,51.78984861976848
60380.38312500017,33102.649833,146.13535173642032,51.86108637577916
60380.38312500017,33102.749833,146.32235084594836,51.93232413178985
60380.38312500017,33102.849833,146.5093499554764,52.00356188780053
60380.38312500017,33102.949833,146.69634906500445,52.07479964381122
60380.38313657418,33103.049833,146.8833481745325,52.1460373998219
60380.38313657418,33103.149833,147.07034728406057,52.21727515583259
60380.38313657418,33103.249833,147.25734639358862,52.28851291184328
60380.38313657418,33103.349833,147.44434550311666,52.35975066785396
60380.38313657418,33103.449833,147.6313446126447,52.43098842386465
60380.38313657418,33103.549833,147.81834372217276,52.50222617987533
60380.38313657418,33103.649833,148.0053428317008,52.57346393588602
60380.38313657418,33103.749833,148.19234194122885,52.6447016918967
60380.38313657418,33103.849833,148.37934105075692,52.71593944790739
60380.38313657418,33103.949833,148.56634016028497,52.78717720391808
60380.38314814819,33104.049833,148.753339269813,52.85841495992876
60380.38314814819,33104.149833,148.94033837934106,52.92965271593945
60380.38314814819,33104.249833,149.1273374888691,53.00089047195013
60380.38314814819,33104.349833,149.31433659839715,53.07212822796082
60380.38314814819,33104.449833,149.50133570792522,53.1433659839715
60380.38314814819,33104.549833,149.68833481745327,53.21460373998219
60380.38314814819,33104.649833,149.8753339269813,53.28584149599288
60380.38314814819,33104.749833,150.06233303650936,53.35707925200356
60380.38314814819,33104.849833,150.2493321460374,53.42831700801425
60380.38314814819,33104.949833,150.43633125556545,53.49955476402493
60380.3831597222,33105.049833,150.62333036509352,53.57079252003562
60380.3831597222,33105.149833,150.81032947462157,53.6420302760463
60380.3831597222,33105.249833,150.9973285841496,53.71326803205699
60380.3831597222,33105.349833,151.18432769367766,53.784505788067676
60380.3831597222,33105.449833,151.3713268032057,53.85574354407836
60380.3831597222,33105.549833,151.55832591273375,53.92698130008905
60380.3831597222,33105.649833,151.7453250222618,53.99821905609973
60380.3831597222,33105.749833,151.93232413178987,54.06945681211042
60380.3831597222,33105.849833,152.11932324131791,54.1406945681211
60380.3831597222,33105.949833,152.30632235084596,54.21193232413179
60380.38317129621,33106.049833,152.493321460374,54.283170080142476
60380.38317129621,33106.149833,152.68032056990205,54.35440783615316
60380.38317129621,33106.249833,152.8673196794301,54.425645592163846
60380.38317129621,33106.349833,153.05431878895817,54.49688334817453
60380.38317129621,33106.449833,153.24131789848622,54.56812110418522
60380.38317129621,33106.549833,153.42831700801426,54.6393588601959
60380.38317129621,33106.649833,153.6153161175423,54.71059661620659
60380.38317129621,33106.749833,153.80231522707035,54.781834372217276
60380.38317129621,33106.849833,153.9893143365984,54.85307212822796
60380.38317129621,33106.949833,154.17631344612644,54.924309884238646
60380.383182870224,33107.049833,154.36331255565452,54.99554764024933
60380.383182870224,33107.149833,154.55031166518256,55.066785396260016
60380.383182870224,33107.249833,154.7373107747106,55.1380231522707
60380.383182870224,33107.349833,154.92430988423865,55.20926090828139
60380.383182870224,33107.449833,155.1113089937667,55.280498664292075
60380.383182870224,33107.549833,155.29830810329474,55.35173642030276
60380.383182870224,33107.649833,155.48530721282282,55.422974176313446
60380.383182870224,33107.749833,155.67230632235086,55.49421193232413
60380.383182870224,33107.849833,155.8593054318789,55.565449688334816
60380.383182870224,33107.949833,156.04630454140695,55.6366874443455
60380.383194444235,33108.049833,156.233303650935,55.707925200356186
60380.383194444235,33108.149833,156.42030276046304,55.779162956366875
60380.383194444235,33108.249833,156.6073018699911,55.85040071237756
60380.383194444235,33108.349833,156.79430097951916,55.921638468388245
60380.383194444235,33108.449833,156.9813000890472,55.99287622439893
60380.383194444235,33108.549833,157.16829919857526,56.064113980409616
60380.383194444235,33108.649833,157.3552983081033,56.1353517364203
60380.383194444235,33108.749833,157.54229741763135,56.206589492430986
60380.383194444235,33108.849833,157.7292965271594,56.277827248441675
60380.383194444235,33108.949833,157.91629563668747,56.349065004452356
60380.38320601871,33109.049833,158.1032947462155,56.420302760463045
60380.38320601871,33109.149833,158.29029385574356,56.49154051647373
60380.38320601871,33109.249833,158.4772929652716,56.562778272484415
60380.38320601871,33109.349833,158.66429207479965,56.6340160284951
60380.38320601871,33109.449833,158.8512911843277,56.705253784505786
60380.38320601871,33109.549833,159.03829029385577,56.776491540516474
60380.38320601871,33109.649833,159.2252894033838,56.847729296527156
60380.38320601871,33109.749833,159.41228851291186,56.918967052537845
60380.38320601871,33109.849833,159.5992876224399,56.990204808548526
60380.38320601871,33109.949833,159.78628673196795,57.061442564559215
60380.383217592724,33110.049833,159.973285841496,57.1326803205699
60380.383217592724,33110.149833,160.16028495102404,57.203918076580585
60380.383217592724,33110.249833,160.3472840605521,57.275155832591274
60380.383217592724,33110.349833,160.53428317008016,57.346393588601956
60380.383217592724,33110.449833,160.7212822796082,57.417631344612644
60380.383217592724,33110.549833,160.90828138913625,57.488869100623326
60380.383217592724,33110.649833,161.0952804986643,57.560106856634015
60380.383217592724,33110.749833,161.28227960819234,57.631344612644696
60380.383217592724,33110.849833,161.4692787177204,57.702582368655385
60380.383217592724,33110.949833,161.65627782724846,57.773820124666074
60380.383229166735,33111.049833,161.8432769367765,57.845057880676755
60380.383229166735,33111.149833,162.03027604630455,57.916295636687444
60380.383229166735,33111.249833,162.2172751558326,57.987533392698126
60380.383229166735,33111.349833,162.40427426536064,58.058771148708814
60380.383229166735,33111.449833,162.59127337488871,58.130008904719496
60380.383229166735,33111.549833,162.77827248441676,58.201246660730185
60380.383229166735,33111.649833,162.9652715939448,58.27248441674087
60380.383229166735,33111.749833,163.15227070347285,58.343722172751555
60380.383229166735,33111.849833,163.3392698130009,58.414959928762244
60380.383229166735,33111.949833,163.52626892252894,58.486197684772925
60380.383240740746,33112.049833,163.713268032057,58.557435440783614
60380.383240740746,33112.149833,163.90026714158506,58.628673196794296
60380.383240740746,33112.249833,164.0872662511131,58.699910952804984
60380.383240740746,33112.349833,164.27426536064115,58.77114870881567
60380.383240740746,33112.449833,164.4612644701692,58.842386464826355
60380.383240740746,33112.549833,164.64826357969724,58.91362422083704
60380.383240740746,33112.649833,164.8352626892253,58.984861976847725
60380.383240740746,33112.749833,165.02226179875336,59.056099732858414
60380.383240740746,33112.849833,165.2092609082814,59.127337488869095
60380.383240740746,33112.949833,165.39626001780945,59.198575244879784
60380.38325231476,33113.049833,165.5832591273375,59.269813000890466
60380.38325231476,33113.149833,165.77025823686554,59.341050756901154
60380.38325231476,33113.249833,165.9572573463936,59.41228851291184
60380.38325231476,33113.349833,166.14425645592164,59.483526268922525
60380.38325231476,33113.449833,166.3312555654497,59.55476402493321
60380.38325231476,33113.549833,166.51825467497775,59.626001780943895
60380.38325231476,33113.649833,166.7052537845058,59.697239536954584
60380.38325231476,33113.749833,166.89225289403385,59.768477292965265
60380.38325231476,33113.849833,167.0792520035619,59.839715048975954
60380.38325231476,33113.949833,167.26625111308994,59.91095280498664
60380.38326388877,33114.049833,167.453250222618,59.982190560997324
60380.38326388877,33114.149833,167.64024933214606,60.05342831700801
60380.38326388877,33114.249833,167.8272484416741,60.124666073018695
60380.38326388877,33114.349833,168.01424755120215,60.19590382902938
60380.38326388877,33114.449833,168.2012466607302,60.267141585040065
60380.38326388877,33114.549833,168.38824577025824,60.338379341050754
60380.38326388877,33114.649833,168.57524487978628,60.40961709706144
60380.38326388877,33114.749833,168.76224398931436,60.480854853072124
60380.38326388877,33114.849833,168.9492430988424,60.55209260908281
60380.38326388877,33114.949833,169.13624220837045,60.623330365093494
60380.38327546278,33115.049833,169.3232413178985,60.69456812110418
60380.38327546278,33115.149833,169.51024042742654,60.765805877114865
60380.38327546278,33115.249833,169.69723953695458,60.83704363312555
60380.38327546278,33115.349833,169.88423864648266,60.90828138913624
60380.38327546278,33115.449833,170.0712377560107,60.979519145146924
60380.38327546278,33115.549833,170.25823686553875,61.05075690115761
60380.38327546278,33115.649833,170.4452359750668,61.121994657168294
60380.38327546278,33115.749833,170.63223508459484,61.19323241317898
60380.38327546278,33115.849833,170.81923419412288,61.264470169189664
60380.38327546278,33115.949833,171.00623330365096,61.33570792520035
60380.38328703726,33116.049833,171.193232413179,61.40694568121104
60380.38328703726,33116.149833,171.38023152270705,61.47818343722172
60380.38328703726,33116.249833,171.5672306322351,61.54942119323241
60380.38328703726,33116.349833,171.75422974176314,61.620658949243094
60380.38328703726,33116.449833,171.94122885129119,61.69189670525378
60380.38328703726,33116.549833,172.12822796081923,61.763134461264464
60380.38328703726,33116.649833,172.3152270703473,61.83437221727515
60380.38328703726,33116.749833,172.50222617987535,61.90560997328584
60380.38328703726,33116.849833,172.6892252894034,61.97684772929652
60380.38328703726,33116.949833,172.87622439893144,62.04808548530721
60380.38329861127,33117.049833,173.0632235084595,62.11932324131789
60380.38329861127,33117.149833,173.25022261798753,62.19056099732858
60380.38329861127,33117.249833,173.4372217275156,62.261798753339264
60380.38329861127,33117.349833,173.62422083704365,62.33303650934995
60380.38329861127,33117.449833,173.8112199465717,62.40427426536064
60380.38329861127,33117.549833,173.99821905609974,62.47551202137132
60380.38329861127,33117.649833,174.1852181656278,62.54674977738201
60380.38329861127,33117.749833,174.37221727515583,62.61798753339269
60380.38329861127,33117.849833,174.5592163846839,62.68922528940338
60380.38329861127,33117.949833,174.74621549421195,62.76046304541406
60380.38331018528,33118.049833,174.93321460374,62.83170080142475
60380.38331018528,33118.149833,175.12021371326804,62.90293855743544
60380.38331018528,33118.249833,175.3072128227961,62.97417631344612
60380.38331018528,33118.349833,175.49421193232413,63.04541406945681
60380.38331018528,33118.449833,175.68121104185218,63.11665182546749
60380.38331018528,33118.549833,175.86821015138025,63.18788958147818
60380.38331018528,33118.649833,176.0552092609083,63.25912733748886
60380.38331018528,33118.749833,176.24220837043634,63.33036509349955
60380.38331018528,33118.849833,176.4292074799644,63.40160284951024
60380.38331018528,33118.949833,176.61620658949244,63.47284060552092
60380.38332175929,33119.049833,176.80320569902048,63.54407836153161
60380.38332175929,33119.149833,176.99020480854855,63.61531611754229
60380.38332175929,33119.249833,177.1772039180766,63.68655387355298
60380.38332175929,33119.349833,177.36420302760465,63.75779162956366
60380.38332175929,33119.449833,177.5512021371327,63.82902938557435
60380.38332175929,33119.549833,177.73820124666074,63.90026714158504
60380.38332175929,33119.649833,177.92520035618878,63.97150489759572
60380.38332175929,33119.749833,178.11219946571683,64.04274265360641
60380.38332175929,33119.849833,178.2991985752449,64.1139804096171
60380.38332175929,33119.949833,178.48619768477295,64.18521816562777
60380.3833333333,33120.049833,178.673196794301,64.25645592163846
60380.3833333333,33120.149833,178.86019590382904,64.32769367764915
60380.3833333333,33120.249833,179.04719501335708,64.39893143365984
60380.3833333333,33120.349833,179.23419412288513,64.47016918967053
60380.3833333333,33120.449833,179.4211932324132,64.5414069456812
60380.3833333333,33120.549833,179.60819234194125,64.61264470169189
60380.3833333333,33120.649833,179.7951914514693,64.68388245770258
60380.3833333333,33120.749833,179.98219056099734,64.75512021371327
60380.3833333333,33120.849833,180.16918967052538,64.82635796972394
60380.3833333333,33120.949833,180.35618878005343,64.89759572573463
60380.38334490731,33121.049833,180.54318788958147,64.96883348174532
60380.38334490731,33121.149833,180.73018699910955,65.04007123775601
60380.38334490731,33121.249833,180.9171861086376,65.1113089937667
60380.38334490731,33121.349833,181.10418521816564,65.18254674977737
60380.38334490731,33121.449833,181.29118432769368,65.25378450578806
60380.38334490731,33121.549833,181.47818343722173,65.32502226179875
60380.38334490731,33121.649833,181.66518254674978,65.39626001780944
60380.38334490731,33121.749833,181.85218165627785,65.46749777382013
60380.38334490731,33121.849833,182.0391807658059,65.5387355298308
60380.38334490731,33121.949833,182.22617987533394,65.60997328584149
60380.383356481325,33122.049833,182.413178984862,65.68121104185218
60380.383356481325,33122.149833,182.60017809439003,65.75244879786287
60380.383356481325,33122.249833,182.78717720391808,65.82368655387354
60380.383356481325,33122.349833,182.97417631344615,65.89492430988423
60380.383356481325,33122.449833,183.1611754229742,65.96616206589492
60380.383356481325,33122.549833,183.34817453250224,66.03739982190561
60380.383356481325,33122.649833,183.5351736420303,66.1086375779163
60380.383356481325,33122.749833,183.72217275155833,66.17987533392697
60380.383356481325,33122.849833,183.90917186108638,66.25111308993766
60380.383356481325,33122.949833,184.09617097061442,66.32235084594835
60380.383368055336,33123.049833,184.2831700801425,66.39358860195904
60380.383368055336,33123.149833,184.47016918967054,66.46482635796973
60380.383368055336,33123.249833,184.6571682991986,66.5360641139804
60380.383368055336,33123.349833,184.84416740872663,66.60730186999109
60380.383368055336,33123.449833,185.03116651825468,66.67853962600178
60380.383368055336,33123.549833,185.21816562778272,66.74977738201247
60380.383368055336,33123.649833,185.4051647373108,66.82101513802314
60380.383368055336,33123.749833,185.59216384683884,66.89225289403383
60380.383368055336,33123.849833,185.7791629563669,66.96349065004452
60380.383368055336,33123.949833,185.96616206589493,67.03472840605521
60380.38337962981,33124.049833,186.15316117542298,67.1059661620659
60380.38337962981,33124.149833,186.34016028495103,67.17720391807657
60380.38337962981,33124.249833,186.5271593944791,67.24844167408726
60380.38337962981,33124.349833,186.71415850400714,67.31967943009795
60380.38337962981,33124.449833,186.9011576135352,67.39091718610864
60380.38337962981,33124.549833,187.08815672306324,67.46215494211933
60380.38337962981,33124.649833,187.27515583259128,67.53339269813
60380.38337962981,33124.749833,187.46215494211933,67.60463045414069
60380.38337962981,33124.849833,187.64915405164737,67.67586821015138
60380.38337962981,33124.949833,187.83615316117545,67.74710596616207
60380.383391203824,33125.049833,188.0231522707035,67.81834372217274
60380.383391203824,33125.149833,188.21015138023154,67.88958147818343
60380.383391203824,33125.249833,188.39715048975958,67.96081923419412
60380.383391203824,33125.349833,188.58414959928763,68.03205699020481
60380.383391203824,33125.449833,188.77114870881567,68.1032947462155
60380.383391203824,33125.549833,188.95814781834375,68.17453250222617
60380.383391203824,33125.649833,189.1451469278718,68.24577025823686
60380.383391203824,33125.749833,189.33214603739984,68.31700801424755
60380.383391203824,33125.849833,189.51914514692788,68.38824577025824
60380.383391203824,33125.949833,189.70614425645593,68.45948352626893
60380.383402777836,33126.049833,189.89314336598397,68.5307212822796
60380.383402777836,33126.149833,190.08014247551202,68.60195903829029
60380.383402777836,33126.249833,190.2671415850401,68.67319679430098
60380.383402777836,33126.349833,190.45414069456814,68.74443455031167
60380.383402777836,33126.449833,190.64113980409618,68.81567230632234
60380.383402777836,33126.549833,190.82813891362423,68.88691006233303
60380.383402777836,33126.649833,191.01513802315228,68.95814781834372
60380.383402777836,33126.749833,191.20213713268032,69.02938557435441
60380.383402777836,33126.849833,191.3891362422084,69.1006233303651
60380.383402777836,33126.949833,191.57613535173644,69.17186108637577
60380.38341435185,33127.049833,191.76313446126449,69.24309884238646
60380.38341435185,33127.149833,191.95013357079253,69.31433659839715
60380.38341435185,33127.249833,192.13713268032058,69.38557435440784
60380.38341435185,33127.349833,192.32413178984862,69.45681211041853
60380.38341435185,33127.449833,192.51113089937667,69.5280498664292
60380.38341435185,33127.549833,192.69813000890474,69.59928762243989
60380.38341435185,33127.649833,192.8851291184328,69.67052537845058
60380.38341435185,33127.749833,193.07212822796083,69.74176313446127
60380.38341435185,33127.849833,193.25912733748888,69.81300089047194
60380.38341435185,33127.949833,193.44612644701692,69.88423864648263
60380.38342592586,33128.049833,193.63312555654497,69.95547640249332
60380.38342592586,33128.149833,193.82012466607304,70.026714158504
60380.38342592586,33128.249833,194.0071237756011,70.0979519145147
60380.38342592586,33128.349833,194.19412288512913,70.16918967052537
60380.38342592586,33128.449833,194.38112199465718,70.24042742653606
60380.38342592586,33128.549833,194.56812110418522,70.31166518254675
60380.38342592586,33128.649833,194.75512021371327,70.38290293855744
60380.38342592586,33128.749833,194.94211932324134,70.45414069456812
60380.38342592586,33128.849833,195.1291184327694,70.5253784505788
60380.38342592586,33128.949833,195.31611754229743,70.59661620658949
60380.38343749987,33129.049833,195.50311665182548,70.66785396260018
60380.38343749987,33129.149833,195.69011576135352,70.73909171861087
60380.38343749987,33129.249833,195.87711487088157,70.81032947462154
60380.38343749987,33129.349833,196.06411398040962,70.88156723063223
60380.38343749987,33129.449833,196.2511130899377,70.95280498664292
60380.38343749987,33129.549833,196.43811219946573,71.0240427426536
60380.38343749987,33129.649833,196.62511130899378,71.0952804986643
60380.38343749987,33129.749833,196.81211041852183,71.16651825467497
60380.38343749987,33129.849833,196.99910952804987,71.23775601068566
60380.38343749987,33129.949833,197.18610863757792,71.30899376669635
60380.38344907388,33130.049833,197.373107747106,71.38023152270704
60380.38344907388,33130.149833,197.56010685663404,71.45146927871772
60380.38344907388,33130.249833,197.74710596616208,71.5227070347284
60380.38344907388,33130.349833,197.93410507569013,71.59394479073909
60380.38344907388,33130.449833,198.12110418521817,71.66518254674978
60380.38344907388,33130.549833,198.30810329474622,71.73642030276046
60380.38344907388,33130.649833,198.4951024042743,71.80765805877114
60380.38344907388,33130.749833,198.68210151380234,71.87889581478183
60380.38344907388,33130.849833,198.86910062333038,71.95013357079252
60380.38344907388,33130.949833,199.05609973285843,72.0213713268032
60380.38346064789,33131.049833,199.24309884238647,72.0926090828139
60380.38346064789,33131.149833,199.43009795191452,72.16384683882457
60380.38346064789,33131.249833,199.61709706144256,72.23508459483526
60380.38346064789,33131.349833,199.80409617097064,72.30632235084595
60380.38346064789,33131.449833,199.99109528049868,72.37756010685663
60380.38346064789,33131.549833,200.17809439002673,72.44879786286732
60380.38346064789,33131.649833,200.36509349955477,72.520035618878
60380.38346064789,33131.749833,200.55209260908282,72.59127337488869
60380.38346064789,33131.849833,200.73909171861087,72.66251113089938
60380.38346064789,33131.949833,200.92609082813894,72.73374888691006
60380.38347222237,33132.049833,201.11308993766698,72.80498664292074
60380.38347222237,33132.149833,201.30008904719503,72.87622439893143
60380.38347222237,33132.249833,201.48708815672308,72.94746215494212
60380.38347222237,33132.349833,201.67408726625112,73.0186999109528
60380.38347222237,33132.449833,201.86108637577917,73.0899376669635
60380.38347222237,33132.549833,202.0480854853072,73.16117542297417
60380.38347222237,33132.649833,202.23508459483529,73.23241317898486
60380.38347222237,33132.749833,202.42208370436333,73.30365093499555
60380.38347222237,33132.849833,202.60908281389138,73.37488869100623
60380.38347222237,33132.949833,202.79608192341942,73.44612644701691
60380.38348379638,33133.049833,202.98308103294747,73.5173642030276
60380.38348379638,33133.149833,203.1700801424755,73.58860195903829
60380.38348379638,33133.249833,203.3570792520036,73.65983971504897
60380.38348379638,33133.349833,203.54407836153163,73.73107747105966
60380.38348379638,33133.449833,203.73107747105968,73.80231522707034
60380.38348379638,33133.549833,203.91807658058772,73.87355298308103
60380.38348379638,33133.649833,204.10507569011577,73.94479073909172
60380.38348379638,33133.749833,204.2920747996438,74.0160284951024
60380.38348379638,33133.849833,204.47907390917186,74.08726625111309
60380.38348379638,33133.949833,204.66607301869993,74.15850400712377
60380.38349537039,33134.049833,204.85307212822798,74.22974176313446
60380.38349537039,33134.149833,205.04007123775602,74.30097951914514
60380.38349537039,33134.249833,205.22707034728407,74.37221727515583
60380.38349537039,33134.349833,205.41406945681211,74.44345503116651
60380.38349537039,33134.449833,205.60106856634016,74.5146927871772
60380.38349537039,33134.549833,205.78806767586823,74.58593054318789
60380.38349537039,33134.649833,205.97506678539628,74.65716829919857
60380.38349537039,33134.749833,206.16206589492432,74.72840605520926
60380.38349537039,33134.849833,206.34906500445237,74.79964381121994
60380.38349537039,33134.949833,206.53606411398042,74.87088156723063
60380.3835069444,33135.049833,206.72306322350846,74.94211932324131
60380.3835069444,33135.149833,206.91006233303654,75.013357079252
60380.3835069444,33135.249833,207.09706144256458,75.08459483526269
60380.3835069444,33135.349833,207.28406055209263,75.15583259127337
60380.3835069444,33135.449833,207.47105966162067,75.22707034728406
60380.3835069444,33135.549833,207.65805877114872,75.29830810329474
60380.3835069444,33135.649833,207.84505788067676,75.36954585930543
60380.3835069444,33135.749833,208.0320569902048,75.4407836153161
60380.3835069444,33135.849833,208.21905609973288,75.5120213713268
60380.3835069444,33135.949833,208.40605520926093,75.58325912733748
60380.383518518414,33136.049833,208.59305431878897,75.65449688334817
60380.383518518414,33136.149833,208.78005342831702,75.72573463935886
60380.383518518414,33136.249833,208.96705253784506,75.79697239536954
60380.383518518414,33136.349833,209.1540516473731,75.86821015138023
60380.383518518414,33136.449833,209.34105075690118,75.93944790739091
60380.383518518414,33136.549833,209.52804986642923,76.0106856634016
60380.383518518414,33136.649833,209.71504897595727,76.08192341941229
60380.383518518414,33136.749833,209.90204808548532,76.15316117542297
60380.383518518414,33136.849833,210.08904719501336,76.22439893143365
60380.383518518414,33136.949833,210.2760463045414,76.29563668744434
60380.383530092426,33137.049833,210.46304541406948,76.36687444345503
60380.383530092426,33137.149833,210.65004452359753,76.4381121994657
60380.383530092426,33137.249833,210.83704363312557,76.5093499554764
60380.383530092426,33137.349833,211.02404274265362,76.58058771148708
60380.383530092426,33137.449833,211.21104185218167,76.65182546749777
60380.383530092426,33137.549833,211.3980409617097,76.72306322350846
60380.383530092426,33137.649833,211.58504007123776,76.79430097951914
60380.383530092426,33137.749833,211.77203918076583,76.86553873552982
60380.383530092426,33137.849833,211.95903829029388,76.93677649154051
60380.383530092426,33137.949833,212.14603739982192,77.0080142475512
60380.38354166644,33138.049833,212.33303650934997,77.07925200356189
60380.38354166644,33138.149833,212.520035618878,77.15048975957257
60380.38354166644,33138.249833,212.70703472840606,77.22172751558325
60380.38354166644,33138.349833,212.89403383793413,77.29296527159394
60380.38354166644,33138.449833,213.08103294746218,77.36420302760463
60380.38354166644,33138.549833,213.26803205699022,77.4354407836153
60380.38354166644,33138.649833,213.45503116651827,77.506678539626
60380.38354166644,33138.749833,213.6420302760463,77.57791629563668
60380.38354166644,33138.849833,213.82902938557436,77.64915405164737
60380.38354166644,33138.949833,214.0160284951024,77.72039180765806
60380.383553240914,33139.049833,214.20302760463048,77.79162956366874
60380.383553240914,33139.149833,214.39002671415852,77.86286731967942
60380.383553240914,33139.249833,214.57702582368657,77.93410507569011
60380.383553240914,33139.349833,214.7640249332146,78.0053428317008
60380.383553240914,33139.449833,214.95102404274266,78.07658058771149
60380.383553240914,33139.549833,215.1380231522707,78.14781834372216
60380.383553240914,33139.649833,215.32502226179878,78.21905609973285
60380.383553240914,33139.749833,215.51202137132682,78.29029385574354
60380.383553240914,33139.849833,215.69902048085487,78.36153161175423
60380.383553240914,33139.949833,215.88601959038292,78.4327693677649
60380.383564814925,33140.049833,216.07301869991096,78.5040071237756
60380.383564814925,33140.149833,216.260017809439,78.57524487978628
60380.383564814925,33140.249833,216.44701691896705,78.64648263579697
60380.383564814925,33140.349833,216.63401602849513,78.71772039180766
60380.383564814925,33140.449833,216.82101513802317,78.78895814781833
60380.383564814925,33140.549833,217.00801424755122,78.86019590382902
60380.383564814925,33140.649833,217.19501335707926,78.93143365983971
60380.383564814925,33140.749833,217.3820124666073,79.0026714158504
60380.383564814925,33140.849833,217.56901157613535,79.07390917186109
60380.383564814925,33140.949833,217.75601068566343,79.14514692787176
60380.38357638894,33141.049833,217.94300979519147,79.21638468388245
60380.38357638894,33141.149833,218.13000890471952,79.28762243989314
60380.38357638894,33141.249833,218.31700801424756,79.35886019590383
60380.38357638894,33141.349833,218.5040071237756,79.4300979519145
60380.38357638894,33141.449833,218.69100623330365,79.5013357079252
60380.38357638894,33141.549833,218.87800534283173,79.57257346393588
60380.38357638894,33141.649833,219.06500445235977,79.64381121994657
60380.38357638894,33141.749833,219.25200356188782,79.71504897595726
60380.38357638894,33141.849833,219.43900267141586,79.78628673196793
60380.38357638894,33141.949833,219.6260017809439,79.85752448797862
60380.38358796295,33142.049833,219.81300089047195,79.92876224398931
60380.38358796295,33142.149833,220.0,80.0
